level1,daily_dist
C,91.28596721038403
F,65.17195479156207
G,117.65174874933855
H,154.57100822102942
N,73.96114888242207
Other,69.55397564633468
