level1,daily_dist
C,92.3617337845336
F,65.72023100509544
G,120.90992011797246
H (49-52),153.92563368502223
N,74.56469593136114
Other,69.83598365825897
Private,72.11858667002709
