;ASC;cons_2stops;b_lnStops;b_cost_return;prob_return
Private;0.268583105;-1.179489773;0;0.35653659;0.79879
C;-2.135881147;0;1.559964959;0;0.79879
F;0.101294647;-1.089235782;0;0;0.79879
G;0.701719104;-1.039980859;0;0.385431337;0.79879
H;0.71868625;-1.090075748;0;0.534288588;0.79879
N;-0.12953376;-1.033991591;0;1.309272468;0.79879
Other;0.294884265;-1.271054352;0;0;0.79879
