;ASC;cons_2stops;b_lnStops;b_cost_return;prob_return
C;-2.091036601;0;1.475938876;0;0.79879
F;-0.028418616;-0.996250211;0;0;0.79879
G;0.597041065;-0.96921441;0;0.420894744;0.79879
H;0.726559611;-1.086322391;0;0.514327096;0.79879
N;-0.258575758;-1.027289223;0;1.419155864;0.79879
Other;0.233403093;-1.244555899;0;0;0.79879
