;ASC;cons_2stops;b_lnStops;b_cost_return;prob_return
Private;0.229775571902123;-1.19311871559064;0.0;0.310931567246593;0.79879
C;-2.09103660061888;0.0;1.47593887648097;0.0;0.79879
F;-0.0284186158298836;-0.996250210874212;0.0;0.0;0.79879
G;0.597041064584974;-0.969214409515911;0.0;0.420894743909218;0.79879
H;0.726559610564618;-1.08632239057453;0.0;0.514327095645464;0.79879
N;-0.258575757697858;-1.02728922344173;0.0;1.41915586408055;0.79879
Other;0.233403093225252;-1.24455589931102;0.0;0.0;0.79879
