BRANCH,nb_tours
C,1.5823639726393608
F,1.4346976658813284
G,1.4324550985621256
H,1.2991819283865844
N,1.6929873895236724
Other,1.749602019398584
Private,1.5052811265315313
