BRANCH,nb_tours
C,1.5824699000195637
F,1.4142759917254153
G,1.4300177295457894
H,1.2921585967455111
N,1.615405337773765
Other,1.7736986918422437
Private,1.4650634447237498
