;b_LowDen;b_Res;b_Inter;b_EmpNode;b_same_ZIP;b_cost_first;b_cost_0;b_cost_50;b_jobs_pop;cost_per_hour;cost_per_km
Private;1.62292986840336;0.585832513390055;0.434557738258335;0.0;-0.523652532367038;0.0;-10.3819666364506;6.76889939502369;0.95133929265253;50.94;0.5785
C;2.25184798739194;1.26577142647536;1.26723723947818;0.0;0.0;0.0;-9.03278553130356;5.91445015809464;3.07170653860904;50.94;0.5785
F;1.59338574736666;0.549190251035839;0.461066659302944;0.0;-0.442794582368246;0.0;-9.06878918896265;4.29036160941678;0.836664063682207;50.94;0.5785
G;1.46104681619944;0.706310389568941;0.773857197154717;0.0;-0.411718472025794;1.35037086940558;-9.55880943330151;5.41429512826247;1.8643913170901;50.94;0.5785
H;2.06514608079705;0.9224848050376;0.797341777259822;0.0;-1.09572720139673;1.27038137538512;-8.8989661596159;5.85615150850275;3.26107570339714;50.94;0.5785
N;0.938288797099524;0.534879653675141;0.605713243286898;0.0;0.0;0.0;-9.21031753346687;5.10866704239643;0.627765878664863;50.94;0.5785
Other;1.28688509824293;0.619836705824677;0.697723066746348;0.0;0.0;0.0;-10.4826902825551;7.30689323955836;1.23763152858965;50.94;0.5785
