;b_LowDen;b_Res;b_Inter;b_EmpNode;b_same_ZIP;b_cost_first;b_cost_0;b_cost_50;b_jobs_pop
C;2.251847987;1.265771426;1.267237239;0;0;0;-9.032785531;5.914450158;3.071706539
F;1.593385747;0.549190251;0.461066659;0;-0.442794582;0;-9.068789189;4.290361609;0.836664064
G;1.461046816;0.70631039;0.773857197;0;-0.411718472;1.350370869;-9.558809433;5.414295128;1.864391317
H;2.065146081;0.922484805;0.797341777;0;-1.095727201;1.270381375;-8.89896616;5.856151509;3.261075703
N;0.938288797;0.534879654;0.605713243;0;0;0;-9.210317533;5.108667042;0.627765879
Other;1.286885098;0.619836706;0.697723067;0;0;0;-10.48269028;7.30689324;1.237631529
