variable,value
pop, 0.06370134
jobs, 0.11304398
