variable,value
pop,0.06948700
jobs,0.11093170