,A,B,C,D,E,F,G,N,Pop,H
Light,0.10173844857852724,0.022181100933264225,0.013563663219990203,0.023140322009364167,0.11136681737753312,0.27092613297547435,0.02060945020222258,0.03662881542919989,0.004279529577405106,0.0
Heavy,0.3412501813493014,0.2820331439614948,0.015500529820713926,0.033460571838014166,0.20131557723038845,0.2776108521115289,0.03769598226593122,0.0,0.0033450288934758696,0.011314009791678209
